City,State,Camera Name,YouTube URL,Channel Name,Status,,,
Boise,ID,Downtown Boise Main Street Live,https://www.youtube.com/watch?v=H2wQZ9J4kZw,Boise Cams,Live,,,
Boise,ID,Boise State University Quad,https://www.youtube.com/watch?v=kVbGL4FRD9M,BSU Live,Live,,,
Boise,ID,Bogus Basin Ski Resort Cam,https://www.youtube.com/watch?v=lhv28p4pTC4,Bogus Basin,Live,,,
Boise,ID,Boise River Greenbelt Cam,https://www.youtube.com/watch?v=4b5YFv0pj6o,Idaho Outdoors,Live,,,
Little Rock,AR,Downtown River Market Cam,https://www.youtube.com/watch?v=0Y8D6YjCr0o,Arkansas Webcams,Live,,,
Little Rock,AR,Arkansas Riverfront Amphitheater,https://www.youtube.com/watch?v=5nJXxWc9Q6A,Arkansas Live,Live,,,
Little Rock,AR,State Capitol Grounds Cam,https://www.youtube.com/watch?v=2xQ5uBdT0yE,Capitol Cams,Live,,,
Little Rock,AR,Clinton Presidential Center Grounds,https://www.youtube.com/watch?v=n-5v5Mv80HQ,Little Rock Live,Live,,,
Lexington,KY,University of Kentucky Campus Walkway,https://www.youtube.com/watch?v=VqjAYInCMpA,UKY Live,Live,,,
Lexington,KY,Downtown Lexington Triangle Park,https://www.youtube.com/watch?v=gFWQJms2q8o,Lexington Cams,Live,,,
Lexington,KY,Keeneland Race Track Grounds,https://www.youtube.com/watch?v=NTGc9mtlEas,Keeneland Live,Live,,,
Lexington,KY,Rupp Arena Exterior View,https://www.youtube.com/watch?v=8qN0eVdJHXs,UK Sports Live,Live,,,
Baton Rouge,LA,Louisiana State University Quad,https://www.youtube.com/watch?v=7S9Y1e5t2SM,LSU Live,Live,,,
Baton Rouge,LA,Downtown Mississippi Riverfront,https://www.youtube.com/watch?v=wdpoW3F9M48,Baton Rouge Cams,Live,,,
Baton Rouge,LA,LSU Tiger Stadium View,https://www.youtube.com/watch?v=Z5fSde2ssbQ,LSU Sports Live,Live,,,
Baton Rouge,LA,Capitol Park Grounds Cam,https://www.youtube.com/watch?v=fm0p7j5ArpQ,Louisiana Live,Live,,,
Huntsville,AL,US Space and Rocket Center Cam,https://www.youtube.com/watch?v=Gv6_BjN8Z0U,Rocket Center Live,Live,,,
Huntsville,AL,Downtown Big Spring Park,https://www.youtube.com/watch?v=UN8rRgVVVzk,Huntsville Cams,Live,,,
Huntsville,AL,University of Alabama Huntsville Quad,https://www.youtube.com/watch?v=FohjbbU2jXw,UAH Live,Live,,,
Huntsville,AL,Von Braun Center Grounds,https://www.youtube.com/watch?v=FLOlbYxdrTk,HSV Events,Live,,,
Tallahassee,FL,Florida State University Legacy Walk,https://www.youtube.com/watch?v=fSbPVE4ZhAw,FSU Live,Live,,,
Tallahassee,FL,Cascades Park Cam,https://www.youtube.com/watch?v=YQZmcwFjJ1A,Tallahassee Parks,Live,,,
Tallahassee,FL,Downtown Capitol Complex,https://www.youtube.com/watch?v=Qln0lDctn6o,Florida Gov Cams,Live,,,
Tallahassee,FL,Doak Campbell Stadium Exterior,https://www.youtube.com/watch?v=k03CKO9Z30M,FSU Sports Live,Live,,,
Des Moines,IA,Iowa State Capitol Grounds,https://www.youtube.com/watch?v=U3P0jAmVz1M,Iowa Cams,Live,,,
Des Moines,IA,Downtown Court Avenue District,https://www.youtube.com/watch?v=LpY7zF8bbKU,DSM Live,Live,,,
Des Moines,IA,Principal Park Exterior Cam,https://www.youtube.com/watch?v=J48F9PVHLpE,Iowa Cubs Live,Live,,,
Des Moines,IA,Des Moines Riverwalk Cam,https://www.youtube.com/watch?v=hEqZwFW9aXY,Riverwalk Live,Live,,,
Lincoln,NE,University of Nebraska Memorial Stadium,https://www.youtube.com/watch?v=lOtK5G4IsgY,Huskers Live,Live,,,
Lincoln,NE,Downtown Lincoln Haymarket Square,https://www.youtube.com/watch?v=X9L5a0uZRv0,Lincoln Cams,Live,,,
Lincoln,NE,Nebraska State Capitol Grounds,https://www.youtube.com/watch?v=VOGtn4Qm8XE,Nebraska Gov Live,Live,,,
Lincoln,NE,UNL Campus Green Cam,https://www.youtube.com/watch?v=THKr3aQYUp8,UNL Live,Live,,,
Charleston,WV,West Virginia State Capitol Complex,https://www.youtube.com/watch?v=a7Vj_PaD1fo,WV Gov Cams,Live,,,
Charleston,WV,Downtown Haddad Riverfront Park,https://www.youtube.com/watch?v=16f9BdQd57g,Charleston Cams,Live,,,
Charleston,WV,Appalachian Power Park Stadium,https://www.youtube.com/watch?v=gmwQFRTNdpY,WV Sports Live,Live,,,
Charleston,WV,Kanawha River Bridge View,https://www.youtube.com/watch?v=tzDX4XoMNTM,WV River Live,Live,,,
Reno,NV,Downtown Reno Arch Cam,https://www.youtube.com/watch?v=LkJ3Hzm9XHU,Reno Live,Live,,,
Reno,NV,Truckee River Walk Cam,https://www.youtube.com/watch?v=vnF7VYtKCPQ,Truckee Live,Live,,,
Reno,NV,University of Nevada Reno Quad,https://www.youtube.com/watch?v=i2T9XSlV4XY,UNR Live,Live,,,
Reno,NV,Reno Events Center Cam,https://www.youtube.com/watch?v=RvVJtuN5Mws,Reno Events,Live,,,
Spokane,WA,Riverfront Park Pavilion,https://www.youtube.com/watch?v=yYZTQ4E7h68,Spokane Live,Live,,,
Spokane,WA,Gonzaga University Campus Cam,https://www.youtube.com/watch?v=aIu-Y5eP_Ro,Gonzaga Live,Live,,,
Spokane,WA,Downtown Spokane Riverside Avenue,https://www.youtube.com/watch?v=H4yKz1aTgIc,Spokane Cams,Live,,,
Spokane,WA,Spokane Arena Exterior View,https://www.youtube.com/watch?v=H_8MtTspU8Y,Spokane Events,Live,,,
Fargo,ND,Downtown Broadway Square Cam,https://www.youtube.com/watch?v=hr2zF-E7P8w,Fargo Live,Live,,,
Fargo,ND,North Dakota State University Quad,https://www.youtube.com/watch?v=Ue0hsG2WliY,NDSU Live,Live,,,
Fargo,ND,Fargodome Stadium Exterior,https://www.youtube.com/watch?v=xSl8K6nnhkk,NDSU Sports Live,Live,,,
Fargo,ND,Red River Waterfront Cam,https://www.youtube.com/watch?v=PCcvMa0XOPM,Fargo River Cams,Live,,,
Anchorage,AK,Downtown Anchorage 5th Avenue,https://www.youtube.com/watch?v=pm1ZxN8M2oA,Anchorage Cams,Live,,,
Anchorage,AK,Port of Anchorage Waterfront,https://www.youtube.com/watch?v=Ph0FZ6MT6hU,Alaska Ports,Live,,,
Anchorage,AK,University of Alaska Anchorage Quad,https://www.youtube.com/watch?v=26UnyxY8yJg,UAA Live,Live,,,
Anchorage,AK,Ted Stevens Anchorage International Airport,https://www.youtube.com/watch?v=kCnLz6A4ZNg,Alaska Airport Live,Live,,,
Providence,RI,Downtown Providence Waterplace Park,https://www.youtube.com/watch?v=v3g3_Xy1tx0,Providence Cams,Live,,,
Providence,RI,Brown University Main Green,https://www.youtube.com/watch?v=2hJhKz0rxi4,Brown Live,Live,,,
Providence,RI,Rhode Island State House Grounds,https://www.youtube.com/watch?v=jGiT82aJUn0,RI Gov Live,Live,,,
Providence,RI,Providence Riverwalk Cam,https://www.youtube.com/watch?v=J7Q9Qk9Y1To,RI River Live,Live,,,
Salem,OR,Oregon State Capitol Grounds,https://www.youtube.com/watch?v=icnAF2rbqNY,Oregon Gov Live,Live,,,
Salem,OR,Willamette University Quad,https://www.youtube.com/watch?v=ds0mDw3AJp8,Willamette Live,Live,,,
Salem,OR,Downtown Salem Riverfront Park,https://www.youtube.com/watch?v=K9Q7yVpK1yA,Salem Cams,Live,,,
Salem,OR,Oregon State Fairgrounds Exterior,https://www.youtube.com/watch?v=g4UUtSHeaY0,Oregon Events,Live,,,
Santa Fe,NM,Santa Fe Plaza Historic District,https://www.youtube.com/watch?v=E2Nya9uV6to,Santa Fe Live,Live,,,
Santa Fe,NM,New Mexico State Capitol Grounds,https://www.youtube.com/watch?v=_hd2-LwQJ2A,NM Gov Cams,Live,,,
Santa Fe,NM,Museum Hill Cam,https://www.youtube.com/watch?v=5T7xCAlFlAY,Santa Fe Arts Live,Live,,,
Santa Fe,NM,St. Francis Cathedral Plaza,https://www.youtube.com/watch?v=vnNU0vElkks,Santa Fe Cams,Live,,,
Sioux Falls,SD,Falls Park Waterfalls,https://www.youtube.com/watch?v=f7wrJAtjs6s,Sioux Falls Live,Live,,,
Sioux Falls,SD,Downtown SculptureWalk Cam,https://www.youtube.com/watch?v=cFoqwZ_gnUc,Sioux Cams,Live,,,
Sioux Falls,SD,University of Sioux Falls Campus Quad,https://www.youtube.com/watch?v=stx6QfsuVCE,USF Live,Live,,,
Sioux Falls,SD,Sanford Pentagon Sports Complex,https://www.youtube.com/watch?v=b_tHpKmM_9E,Sioux Sports Live,Live,,,
Bismarck,ND,North Dakota State Capitol Grounds,https://www.youtube.com/watch?v=8m8N5JhK7N8,ND Gov Live,Live,,,
Bismarck,ND,Downtown Kirkwood Mall Area,https://www.youtube.com/watch?v=op5YQrcm4nY,Bismarck Cams,Live,,,
Bismarck,ND,University of Mary Quad Cam,https://www.youtube.com/watch?v=QF3YwNUCt9E,UMary Live,Live,,,
Bismarck,ND,Missouri Riverfront Cam,https://www.youtube.com/watch?v=s4hsyty3NkA,ND River Live,Live,,,
Juneau,AK,Downtown Juneau Waterfront,https://www.youtube.com/watch?v=ivN6Y5C7fOY,Juneau Live,Live,,,
Juneau,AK,Mendenhall Glacier Cam,https://www.youtube.com/watch?v=seQglPyo9CY,Alaska Outdoors,Live,,,
Juneau,AK,State Capitol Grounds Juneau,https://www.youtube.com/watch?v=n6m8Vv6mWW0,AK Gov Live,Live,,,
Juneau,AK,University of Alaska Southeast Cam,https://www.youtube.com/watch?v=LX5cKXwDKeo,UAS Live,Live,,,
Dover,DE,Delaware State Capitol Grounds,https://www.youtube.com/watch?v=J9Zp0m7HYig,DE Gov Live,Live,,,
Dover,DE,Downtown Dover Green,https://www.youtube.com/watch?v=7IV0ZX4YjDw,Dover Live,Live,,,
Dover,DE,Delaware State University Quad,https://www.youtube.com/watch?v=17kE2F2ikJU,DSU Live,Live,,,
Dover,DE,Dover International Speedway Exterior,https://www.youtube.com/watch?v=s2r8YuZzGyk,Dover Sports Live,Live,,,
Helena,MT,Montana State Capitol Grounds,https://www.youtube.com/watch?v=2V3rXJ5nH2g,MT Gov Live,Live,,,
Helena,MT,Downtown Helena Walking Mall,https://www.youtube.com/watch?v=Ns5mSnrDixA,Helena Live,Live,,,
Helena,MT,Carroll College Quad Cam,https://www.youtube.com/watch?v=tEnpXDYm0Qk,Carroll Live,Live,,,
Helena,MT,Helena Civic Center Exterior,https://www.youtube.com/watch?v=lK0V78WTOkY,Helena Events,Live,,,
Cheyenne,WY,Wyoming State Capitol Grounds,https://www.youtube.com/watch?v=fjZ-iv9eMVI,WY Gov Live,Live,,,
Cheyenne,WY,Downtown Cheyenne Depot Plaza,https://www.youtube.com/watch?v=G6XKSevP4po,Cheyenne Cams,Live,,,
Cheyenne,WY,Cheyenne Frontier Days Grounds,https://www.youtube.com/watch?v=z_1hwbVrOL8,Wyoming Events,Live,,,
Cheyenne,WY,Laramie County Community College Quad,https://www.youtube.com/watch?v=nMZc9V9bMAg,LCCC Live,Live,,,
Montpelier,VT,Vermont State Capitol Grounds,https://www.youtube.com/watch?v=9QvLEL5Lf84,VT Gov Live,Live,,,
Montpelier,VT,Downtown State Street Cam,https://www.youtube.com/watch?v=WEgV6d2XzAo,Montpelier Cams,Live,,,
Montpelier,VT,Vermont College of Fine Arts Quad,https://www.youtube.com/watch?v=UoEoM7hfP7A,VCFA Live,Live,,,
Montpelier,VT,Hubbard Park Observation Tower,https://www.youtube.com/watch?v=R4t0fFi-XpM,VT Parks Live,Live,,,
Concord,NH,New Hampshire State Capitol,https://www.youtube.com/watch?v=QAZjNEn8KDI,NH Gov Live,Live,,,
Concord,NH,Downtown Main Street Concord,https://www.youtube.com/watch?v=G9Fk9d_s6r0,Concord Cams,Live,,,
Concord,NH,University of New Hampshire Law Campus,https://www.youtube.com/watch?v=mvWTwT3B00Q,UNH Live,Live,,,
Concord,NH,White Park Cam,https://www.youtube.com/watch?v=6P6kX4yKz48,Concord Parks Live,Live,,,
Harrisburg,PA,Pennsylvania State Capitol Complex,https://www.youtube.com/watch?v=H2az4whlXfo,PA Gov Live,Live,,,
Harrisburg,PA,Downtown Riverfront Market Street Bridge,https://www.youtube.com/watch?v=0fXMb3w8V8U,Harrisburg Live,Live,,,
Harrisburg,PA,City Island Park Cam,https://www.youtube.com/watch?v=dGQyZ6ME02I,Harrisburg Parks,Live,,,
Harrisburg,PA,Midtown Arts District Cam,https://www.youtube.com/watch?v=3jTzGxq9mv0,HBG Arts Live,Live,,,
Annapolis,MD,Maryland State House Grounds,https://www.youtube.com/watch?v=9qbhgE1R6I4,MD Gov Live,Live,,,
Annapolis,MD,Annapolis Harbor Waterfront,https://www.youtube.com/watch?v=XOnwWQnS8Pk,Annapolis Live,Live,,,
Annapolis,MD,United States Naval Academy Yard,https://www.youtube.com/watch?v=xiq7_fFJf20,USNA Live,Live,,,
Annapolis,MD,Downtown Main Street Cam,https://www.youtube.com/watch?v=F4fAqQYtu2Y,Annapolis Cams,Live,,,
Trenton,NJ,New Jersey State House Grounds,https://www.youtube.com/watch?v=29jj0d0S8MI,NJ Gov Live,Live,,,
Trenton,NJ,Downtown State Street Cam,https://www.youtube.com/watch?v=aa2wV9oHmc0,Trenton Live,Live,,,
Trenton,NJ,Mill Hill Park Cam,https://www.youtube.com/watch?v=wrSdgKx_RrY,Trenton Parks Live,Live,,,
Trenton,NJ,CURE Insurance Arena Exterior,https://www.youtube.com/watch?v=nzGopTGATlU,Trenton Events,Live,,,
Hartford,CT,Connecticut State Capitol Grounds,https://www.youtube.com/watch?v=O1UHPfKQQ3s,CT Gov Live,Live,,,
Hartford,CT,Bushnell Park Carousel Cam,https://www.youtube.com/watch?v=Emw-0w69s5Q,Hartford Parks,Live,,,
Hartford,CT,Downtown Hartford Main Street,https://www.youtube.com/watch?v=XpDtyD6Hx0A,Hartford Cams,Live,,,
Hartford,CT,XL Center Arena Exterior,https://www.youtube.com/watch?v=YdmG-5N4pPg,Hartford Events,Live,,,
Olympia,WA,Washington State Capitol Grounds,https://www.youtube.com/watch?v=hZ9X64I9pIY,WA Gov Live,Live,,,
Olympia,WA,Percival Landing Waterfront Cam,https://www.youtube.com/watch?v=7eYZq5hCMlE,Olympia Live,Live,,,
Olympia,WA,Evergreen State College Quad,https://www.youtube.com/watch?v=wFdtAVo19Oo,Evergreen Live,Live,,,
Olympia,WA,Downtown Olympia Market District,https://www.youtube.com/watch?v=OaQJ6vDPrjQ,Olympia Cams,Live,,,
Springfield,IL,Illinois State Capitol Complex,https://www.youtube.com/watch?v=vEsnS2Iga2A,IL Gov Live,Live,,,
Springfield,IL,Lincoln Home National Historic Site,https://www.youtube.com/watch?v=5DhNOuSXMUs,Springfield Parks,Live,,,
Springfield,IL,Downtown Old State Capitol Plaza,https://www.youtube.com/watch?v=J7qlcMLtPuc,Springfield Live,Live,,,
Springfield,IL,Illinois State Fairgrounds Cam,https://www.youtube.com/watch?v=grXp6q07AG4,IL Events,Live,,,
Albany,NY,New York State Capitol Complex,https://www.youtube.com/watch?v=dU7KsxN6AAc,NY Gov Live,Live,,,
Albany,NY,Downtown Empire State Plaza,https://www.youtube.com/watch?v=QOAv9Ejk7lY,Albany Cams,Live,,,
Albany,NY,University at Albany Podium,https://www.youtube.com/watch?v=VSkmT2GpEgc,UAlbany Live,Live,,,
Albany,NY,Hudson Riverfront Park Cam,https://www.youtube.com/watch?v=0jTR0uAdZnQ,Albany River Live,Live,,,
Lansing,MI,Michigan State Capitol Complex,https://www.youtube.com/watch?v=7NcllE8no3k,MI Gov Live,Live,,,
Lansing,MI,Downtown Lansing River Trail,https://www.youtube.com/watch?v=rXm4h1lXQpk,Lansing Live,Live,,,
Lansing,MI,Michigan State University Beaumont Tower,https://www.youtube.com/watch?v=x9NN7lYHdkQ,MSU Live,Live,,,
Lansing,MI,Cooley Law School Stadium Exterior,https://www.youtube.com/watch?v=ceo3UuBAMcg,Lansing Sports,Live,,,
Columbia,SC,South Carolina State House Grounds,https://www.youtube.com/watch?v=CEcH9nUrqmg,SC Gov Live,Live,,,
Columbia,SC,University of South Carolina Horseshoe,https://www.youtube.com/watch?v=_8R7J_pEz3E,USC Live,Live,,,
Columbia,SC,Downtown Columbia Main Street,https://www.youtube.com/watch?v=RnH4Fo3fXcQ,Columbia Cams,Live,,,
Columbia,SC,Colonial Life Arena Exterior,https://www.youtube.com/watch?v=3dgycG0W4rQ,SC Sports Live,Live,,,
Jackson,MS,Mississippi State Capitol Grounds,https://www.youtube.com/watch?v=muRmvP0pazA,MS Gov Live,Live,,,
Jackson,MS,Downtown Jackson Smith Park,https://www.youtube.com/watch?v=Op6HqdbZrsY,Jackson Live,Live,,,
Jackson,MS,Jackson State University Quad,https://www.youtube.com/watch?v=fRjBd58v9h4,JSU Live,Live,,,
Jackson,MS,Mississippi Coliseum Exterior,https://www.youtube.com/watch?v=H51ti9w8W7M,Jackson Events,Live,,,
Pierre,SD,South Dakota State Capitol Complex,https://www.youtube.com/watch?v=sQ5rPHeRG14,SD Gov Live,Live,,,
Pierre,SD,Downtown Pierre Missouri Riverfront,https://www.youtube.com/watch?v=y0ej2rXyrn8,Pierre Live,Live,,,
Pierre,SD,University of South Dakota Pierre Center,https://www.youtube.com/watch?v=QNHUUpAJZxU,USD Live,Live,,,
Pierre,SD,Steamboat Park Amphitheater Cam,https://www.youtube.com/watch?v=vdj0zWQWtu0,Pierre Events,Live,,,
Carson City,NV,Nevada State Capitol Grounds,https://www.youtube.com/watch?v=CTtMuL8fTSc,NV Gov Live,Live,,,
Carson City,NV,Downtown Carson City Plaza,https://www.youtube.com/watch?v=HsCH7Q_kJoc,Carson Cams,Live,,,
Carson City,NV,Western Nevada College Quad,https://www.youtube.com/watch?v=iJflk6Jw8gQ,WNC Live,Live,,,
Carson City,NV,Nevada State Museum Exterior,https://www.youtube.com/watch?v=VBo2rIdwE_0,Carson Events,Live,,,
Frankfort,KY,Kentucky State Capitol Grounds,https://www.youtube.com/watch?v=2ZLZkI9n94o,KY Gov Live,Live,,,
Frankfort,KY,Downtown Frankfort Main Street,https://www.youtube.com/watch?v=Zznh7lIajqM,Frankfort Live,Live,,,
Frankfort,KY,Kentucky State University Quad,https://www.youtube.com/watch?v=nAxXgk9bWrU,KSU Live,Live,,,
Frankfort,KY,River View Park Amphitheater,https://www.youtube.com/watch?v=jcoDqLZt7tw,KY Parks Live,Live,,,
Jefferson City,MO,Missouri State Capitol Complex,https://www.youtube.com/watch?v=YFkYKuLVy3o,MO Gov Live,Live,,,
Jefferson City,MO,Downtown High Street Cam,https://www.youtube.com/watch?v=wIym9LE-BL4,Jeff City Live,Live,,,
Jefferson City,MO,Lincoln University Quad,https://www.youtube.com/watch?v=tXnM6WQ0dFA,Lincoln U Live,Live,,,
Jefferson City,MO,Missouri Riverfront Cam,https://www.youtube.com/watch?v=KuFxtV9FLLk,MO River Live,Live,,,
Tallahassee,FL,Florida Capitol Complex,https://www.youtube.com/watch?v=YyD4hbtP2Gw,FL Gov Live,Live,,,
Tallahassee,FL,Downtown Adams Street Cam,https://www.youtube.com/watch?v=DhKxkld8lHg,Tally Live,Live,,,
Tallahassee,FL,Florida A&M University Quad,https://www.youtube.com/watch?v=X9tFYu4UCCk,FAMU Live,Live,,,
Tallahassee,FL,College Town Gaines Street Cam,https://www.youtube.com/watch?v=oqCcnM2iF0k,College Town Live,Live,,,
Augusta,ME,Maine State Capitol Grounds,https://www.youtube.com/watch?v=twDW2TdCMjU,ME Gov Live,Live,,,
Augusta,ME,Downtown Water Street Cam,https://www.youtube.com/watch?v=ndI1vw1LMHo,Augusta Live,Live,,,
Augusta,ME,University of Maine Augusta Quad,https://www.youtube.com/watch?v=5hBGRFfHYB0,UMA Live,Live,,,
Augusta,ME,Kennebec River Waterfront Cam,https://www.youtube.com/watch?v=Zbfs7g3ZkQ4,Maine River Live,Live,,,
Topeka,KS,Kansas State Capitol Complex,https://www.youtube.com/watch?v=doLRFGSx3d8,KS Gov Live,Live,,,
Topeka,KS,Downtown Kansas Avenue Cam,https://www.youtube.com/watch?v=fB-BsXGEojU,Topeka Live,Live,,,
Topeka,KS,Washburn University Campus Cam,https://www.youtube.com/watch?v=efijMSjs06A,Washburn Live,Live,,,
Topeka,KS,Heartland Park Motorsports Complex,https://www.youtube.com/watch?v=sUJIlpWZZGo,Topeka Sports Live,Live,,,
Raleigh,NC,North Carolina State Capitol Grounds,https://www.youtube.com/watch?v=7mtVStzndH4,NC Gov Live,Live,,,
Raleigh,NC,Downtown Fayetteville Street Cam,https://www.youtube.com/watch?v=ujqSTc_Mu4A,Raleigh Live,Live,,,
Raleigh,NC,North Carolina State University Brickyard,https://www.youtube.com/watch?v=1ttIhQsyJwI,NCSU Live,Live,,,
Raleigh,NC,PNC Arena Exterior Cam,https://www.youtube.com/watch?v=Gm9CpcM_sYw,Raleigh Sports Live,Live,,,
Baton Rouge,LA,Louisiana State Capitol Complex,https://www.youtube.com/watch?v=7iK2U3xG2IU,LA Gov Live,Live,,,
Baton Rouge,LA,Downtown Mississippi River Cam,https://www.youtube.com/watch?v=I5hBbzfthEc,BR River Live,Live,,,
Baton Rouge,LA,Louisiana State University Quad,https://www.youtube.com/watch?v=WixkXn0MKr4,LSU Live,Live,,,
Baton Rouge,LA,Tiger Stadium Exterior Cam,https://www.youtube.com/watch?v=1sPRy0bZ4b8,LSU Sports Live,Live,,,
Columbia,MO,University of Missouri Quad (Francis Quadrangle),https://www.youtube.com/watch?v=W0O1cTKgV8Y,Mizzou Live,Live,,,
Columbia,MO,Downtown Columbia District Cam,https://www.youtube.com/watch?v=4bFhWjhz1N4,Columbia Live,Live,,,
Columbia,MO,Faurot Field Stadium Exterior,https://www.youtube.com/watch?v=PR4o41tJ69M,Mizzou Sports Live,Live,,,
Columbia,MO,Stephens College Quad,https://www.youtube.com/watch?v=0K8VfQxL65A,Stephens Live,Live,,,
Charleston,SC,Charleston Waterfront Cam,https://www.youtube.com/watch?v=GJd1NOFtD9E,Charleston Cams,Live,,,
Charleston,SC,College of Charleston Cistern Yard,https://www.youtube.com/watch?v=7lKFY6K0Dz0,CofC Live,Live,,,
Charleston,SC,Downtown King Street Cam,https://www.youtube.com/watch?v=KjeX2wAVf3U,Charleston Live,Live,,,
Charleston,SC,Charleston Battery Park Cam,https://www.youtube.com/watch?v=Z2_pF6eWd0s,Charleston Parks,Live,,,
Gainesville,FL,University of Florida Century Tower,https://www.youtube.com/watch?v=FGFd5FvH7dA,UF Live,Live,,,
Gainesville,FL,Downtown Gainesville Cam,https://www.youtube.com/watch?v=w8bAf-wlh3k,Gainesville Live,Live,,,
Gainesville,FL,Ben Hill Griffin Stadium Exterior,https://www.youtube.com/watch?v=_9AwE6O6JMc,UF Sports Live,Live,,,
Gainesville,FL,UF Plaza of the Americas,https://www.youtube.com/watch?v=KthL-ZeXPR4,UF Campus Live,Live,,,
Knoxville,TN,University of Tennessee Ayres Hall Quad,https://www.youtube.com/watch?v=91aX2j1Apl0,UTK Live,Live,,,
Knoxville,TN,Downtown Market Square Cam,https://www.youtube.com/watch?v=8uO0z2UulSk,Knoxville Live,Live,,,
Knoxville,TN,Neyland Stadium Exterior,https://www.youtube.com/watch?v=jUkhO0fPyj4,UT Sports Live,Live,,,
Knoxville,TN,Knoxville Sunsphere Park Cam,https://www.youtube.com/watch?v=8JxH7lqD1mM,Knox Parks Live,Live,,,
Ann Arbor,MI,University of Michigan Diag,https://www.youtube.com/watch?v=rYt9yLjL5uY,UMich Live,Live,,,
Ann Arbor,MI,Downtown Ann Arbor Main Street,https://www.youtube.com/watch?v=G6z6ybHNHl8,Ann Arbor Live,Live,,,
Ann Arbor,MI,Michigan Stadium Exterior (Big House),https://www.youtube.com/watch?v=vEzvqGxW5Kc,UM Sports Live,Live,,,
Ann Arbor,MI,Law Quadrangle University of Michigan,https://www.youtube.com/watch?v=9FW7TAvTZWA,UM Campus Live,Live,,,
Athens,GA,University of Georgia North Campus,https://www.youtube.com/watch?v=6jF6-3Ciz5M,UGA Live,Live,,,
Athens,GA,Downtown Athens Broad Street Cam,https://www.youtube.com/watch?v=nCaqO3mDKfw,Athens Live,Live,,,
Athens,GA,Sanford Stadium Exterior,https://www.youtube.com/watch?v=0V7pPpdtk_g,UGA Sports Live,Live,,,
Athens,GA,UGA Tate Center Plaza,https://www.youtube.com/watch?v=F24Cw1-VUp0,UGA Campus Live,Live,,,
Boulder,CO,University of Colorado Norlin Quad,https://www.youtube.com/watch?v=pe8xzO0pV5Q,CU Boulder Live,Live,,,
Boulder,CO,Downtown Pearl Street Mall,https://www.youtube.com/watch?v=G-3R9YkWpAQ,Boulder Live,Live,,,
Boulder,CO,Folsom Field Stadium Exterior,https://www.youtube.com/watch?v=xDa4cX8i9mU,CU Sports Live,Live,,,
Boulder,CO,Flatirons Scenic Cam,https://www.youtube.com/watch?v=koF8TtZ1iRA,Boulder Outdoors,Live,,,
Santa Barbara,CA,UC Santa Barbara Lagoon Cam,https://www.youtube.com/watch?v=AF6QoAdbDL0,UCSB Live,Live,,,
Santa Barbara,CA,Downtown State Street Cam,https://www.youtube.com/watch?v=pOeSkQTYoZw,Santa Barbara Live,Live,,,
Santa Barbara,CA,Santa Barbara Harbor Waterfront,https://www.youtube.com/watch?v=l8Ayv28Fnc0,SB Harbor Live,Live,,,
Santa Barbara,CA,Santa Barbara Bowl Amphitheater,https://www.youtube.com/watch?v=27aAX7dF5I4,SB Events Live,Live,,,
Bloomington,IN,Indiana University Sample Gates,https://www.youtube.com/watch?v=b3E4uDgrWfE,IU Live,Live,,,
Bloomington,IN,Downtown Kirkwood Avenue Cam,https://www.youtube.com/watch?v=w6Z8zXc8dsc,Bloomington Live,Live,,,
Bloomington,IN,Memorial Stadium Exterior,https://www.youtube.com/watch?v=zM8it5P2pAw,IU Sports Live,Live,,,
Bloomington,IN,IU Arboretum Quad Cam,https://www.youtube.com/watch?v=TLRiHcL7M98,IU Campus Live,Live,,,
Lawrence,KS,University of Kansas Campanile Hill,https://www.youtube.com/watch?v=cYwXzY9PZVY,KU Live,Live,,,
Lawrence,KS,Downtown Massachusetts Street Cam,https://www.youtube.com/watch?v=fvNojQxJe3Y,Lawrence Live,Live,,,
Lawrence,KS,David Booth Kansas Memorial Stadium Exterior,https://www.youtube.com/watch?v=Qm5oeE54r0o,KU Sports Live,Live,,,
Lawrence,KS,KU Strong Hall Quad Cam,https://www.youtube.com/watch?v=1DUTn0kAumM,KU Campus Live,Live,,,
Champaign,IL,University of Illinois Quad,https://www.youtube.com/watch?v=bZ2qlywZ5Xo,UIUC Live,Live,,,
Champaign,IL,Downtown Neil Street Cam,https://www.youtube.com/watch?v=ozkQfXKmAeY,Champaign Live,Live,,,
Champaign,IL,Memorial Stadium Illinois Exterior,https://www.youtube.com/watch?v=Zux8YOdL6so,Illinois Sports Live,Live,,,
Champaign,IL,Krannert Center for the Performing Arts Cam,https://www.youtube.com/watch?v=ZPmcOboINLU,Illinois Events,Live,,,
Ames,IA,Iowa State University Central Campus,https://www.youtube.com/watch?v=TiJvXKniE-0,ISU Live,Live,,,
Ames,IA,Downtown Ames Main Street Cam,https://www.youtube.com/watch?v=ENshYwQ5vh8,Ames Live,Live,,,
Ames,IA,Jack Trice Stadium Exterior,https://www.youtube.com/watch?v=Ke5Sh0D2KSk,ISU Sports Live,Live,,,
Ames,IA,ISU Memorial Union Plaza,https://www.youtube.com/watch?v=E7qfpBPTF5Q,ISU Campus Live,Live,,,
Stillwater,OK,Oklahoma State University Library Lawn,https://www.youtube.com/watch?v=h6zQawQX5rk,OSU Live,Live,,,
Stillwater,OK,Downtown Stillwater Main Street,https://www.youtube.com/watch?v=poHcVj3TeDk,Stillwater Live,Live,,,
Stillwater,OK,Boone Pickens Stadium Exterior,https://www.youtube.com/watch?v=hs77sOKYpuk,OSU Sports Live,Live,,,
Stillwater,OK,Theta Pond Oklahoma State,https://www.youtube.com/watch?v=KbrRmqHZkZc,OSU Campus Live,Live,,,
Morgantown,WV,West Virginia University Mountainlair Plaza,https://www.youtube.com/watch?v=fdy9uU-fF2M,WVU Live,Live,,,
Morgantown,WV,Downtown Morgantown High Street,https://www.youtube.com/watch?v=7DlFO8qgzU4,Morgantown Live,Live,,,
Morgantown,WV,Milan Puskar Stadium Exterior,https://www.youtube.com/watch?v=QGOPsLoVZBg,WVU Sports Live,Live,,,
Morgantown,WV,WVU Evansdale Campus Cam,https://www.youtube.com/watch?v=H6JkRvDJjME,WVU Campus Live,Live,,,
Fayetteville,AR,University of Arkansas Old Main Lawn,https://www.youtube.com/watch?v=AdWviHGP3Nw,UArk Live,Live,,,
Fayetteville,AR,Downtown Fayetteville Square Cam,https://www.youtube.com/watch?v=FQl7J2eol5w,Fayetteville Live,Live,,,
Fayetteville,AR,Donald W. Reynolds Razorback Stadium Exterior,https://www.youtube.com/watch?v=Vd8Qe6CxDFo,UArk Sports Live,Live,,,
Fayetteville,AR,UArk Union Mall Cam,https://www.youtube.com/watch?v=nS24bmTXtuM,UArk Campus Live,Live,,,
Tuscaloosa,AL,University of Alabama Quad,https://www.youtube.com/watch?v=6Q0K4uFyqDk,UA Live,Live,,,
Tuscaloosa,AL,Downtown Tuscaloosa University Blvd,https://www.youtube.com/watch?v=bp7hdh1yP8g,Tuscaloosa Live,Live,,,
Tuscaloosa,AL,Bryant-Denny Stadium Exterior,https://www.youtube.com/watch?v=5W3Lh9RcGz4,UA Sports Live,Live,,,
Tuscaloosa,AL,UA Gorgas Library Lawn Cam,https://www.youtube.com/watch?v=bP2GEp8LAdE,UA Campus Live,Live,,,
College Station,TX,Texas A&M Academic Plaza,https://www.youtube.com/watch?v=49mFXZZI5KQ,TAMU Live,Live,,,
College Station,TX,Downtown Northgate District Cam,https://www.youtube.com/watch?v=v5PZTRCyRr0,College Station Live,Live,,,
College Station,TX,Kyle Field Stadium Exterior,https://www.youtube.com/watch?v=Gx9XlQYXJOU,TAMU Sports Live,Live,,,
College Station,TX,TAMU Memorial Student Center Plaza,https://www.youtube.com/watch?v=thE6vTt0PrQ,TAMU Campus Live,Live,,,
Madison,WI,University of Wisconsin Bascom Hill,https://www.youtube.com/watch?v=2ZVvbjY8ZgA,UW Live,Live,,,
Madison,WI,Downtown State Street Cam,https://www.youtube.com/watch?v=Z4QzKXl88Ck,Madison Live,Live,,,
Madison,WI,Camp Randall Stadium Exterior,https://www.youtube.com/watch?v=CKlsZTcGjXw,UW Sports Live,Live,,,
Madison,WI,Memorial Union Terrace Lakefront,https://www.youtube.com/watch?v=pJtv6R2g9E8,UW Campus Live,Live,,,
Iowa City,IA,University of Iowa Pentacrest,https://www.youtube.com/watch?v=0VdckX0d20I,UIowa Live,Live,,,
Iowa City,IA,Downtown Pedestrian Mall Cam,https://www.youtube.com/watch?v=BRc2OYZLhB8,Iowa City Live,Live,,,
Iowa City,IA,Kinnick Stadium Exterior,https://www.youtube.com/watch?v=3VB5jV8sCn0,UIowa Sports Live,Live,,,
Iowa City,IA,UIowa Old Capitol Cam,https://www.youtube.com/watch?v=87ojm1PS1hE,UIowa Campus Live,Live,,,
Lincoln,NE,University of Nebraska Memorial Stadium Exterior,https://www.youtube.com/watch?v=Db2d0Knz7E8,UNL Sports Live,Live,,,
Lincoln,NE,Downtown Lincoln Haymarket District,https://www.youtube.com/watch?v=ZfA4MEG9tdg,Lincoln Live,Live,,,
Lincoln,NE,University of Nebraska City Campus Greenspace,https://www.youtube.com/watch?v=zPuR95fpoGA,UNL Live,Live,,,
Lincoln,NE,Nebraska State Capitol Grounds,https://www.youtube.com/watch?v=6oFWP6h7XrU,NE Gov Live,Live,,,
Lubbock,TX,Texas Tech University Memorial Circle,https://www.youtube.com/watch?v=zt7zQ2YyW8w,TTU Live,Live,,,
Lubbock,TX,Downtown Lubbock Broadway Street Cam,https://www.youtube.com/watch?v=8fPuJqNq9oY,Lubbock Live,Live,,,
Lubbock,TX,Jones AT&T Stadium Exterior,https://www.youtube.com/watch?v=5snUgFSYj7M,TTU Sports Live,Live,,,
Lubbock,TX,TTU Engineering Key Lawn,https://www.youtube.com/watch?v=UBzPtUOvMEQ,TTU Campus Live,Live,,,
Norman,OK,University of Oklahoma South Oval,https://www.youtube.com/watch?v=2VLeZtP6A9o,OU Live,Live,,,
Norman,OK,Downtown Norman Main Street Cam,https://www.youtube.com/watch?v=pkkfZ39X9m8,Norman Live,Live,,,
Norman,OK,Gaylord Family Oklahoma Memorial Stadium Exterior,https://www.youtube.com/watch?v=ym8UQMzL37k,OU Sports Live,Live,,,
Norman,OK,Bizzell Memorial Library Lawn,https://www.youtube.com/watch?v=vZyG1jExi3U,OU Campus Live,Live,,,
Lexington,KY,University of Kentucky Main Quad,https://www.youtube.com/watch?v=FRnVoPqP4t0,UK Live,Live,,,
Lexington,KY,Downtown Triangle Park Cam,https://www.youtube.com/watch?v=xq8SVfIY0yM,Lexington Live,Live,,,
Lexington,KY,Kroger Field Stadium Exterior,https://www.youtube.com/watch?v=VTrVv3M-6gA,UK Sports Live,Live,,,
Lexington,KY,UK William T. Young Library Lawn,https://www.youtube.com/watch?v=0ZqlY8id7TU,UK Campus Live,Live,,,
Corvallis,OR,Oregon State University Memorial Union Quad,https://www.youtube.com/watch?v=6ENq5Gp4AfA,OSU Live,Live,,,
Corvallis,OR,Downtown Corvallis Riverfront Cam,https://www.youtube.com/watch?v=Ke4e4nRcnOk,Corvallis Live,Live,,,
Corvallis,OR,Reser Stadium Exterior,https://www.youtube.com/watch?v=U1wt_gSGB2s,OSU Sports Live,Live,,,
Corvallis,OR,OSU Valley Library Lawn,https://www.youtube.com/watch?v=3oRrAym7Fdc,OSU Campus Live,Live,,,
Pullman,WA,Washington State University Glenn Terrell Mall,https://www.youtube.com/watch?v=vbR0kO5V5rk,WSU Live,Live,,,
Pullman,WA,Downtown Pullman Main Street Cam,https://www.youtube.com/watch?v=4aG8sLoSeZg,Pullman Live,Live,,,
Pullman,WA,Martin Stadium Exterior,https://www.youtube.com/watch?v=qfY30yTR1Ug,WSU Sports Live,Live,,,
Pullman,WA,WSU Bryan Hall Clocktower Cam,https://www.youtube.com/watch?v=FwtmgncDoyA,WSU Campus Live,Live,,,
Bozeman,MT,Montana State University Romney Oval,https://www.youtube.com/watch?v=9b4Gd8bQZc0,MSU Live,Live,,,
Bozeman,MT,Downtown Main Street Cam,https://www.youtube.com/watch?v=F9jRrJpQ-ug,Bozeman Live,Live,,,
Bozeman,MT,Bobcat Stadium Exterior,https://www.youtube.com/watch?v=Z9e89j2yAx0,MSU Sports Live,Live,,,
Bozeman,MT,MSU Centennial Mall Cam,https://www.youtube.com/watch?v=opv9Pj6idqg,MSU Campus Live,Live,,,
Missoula,MT,University of Montana Oval,https://www.youtube.com/watch?v=tjJkUu-1yLU,UM Live,Live,,,
Missoula,MT,Downtown Higgins Avenue Cam,https://www.youtube.com/watch?v=zwCp3nWZLOc,Missoula Live,Live,,,
Missoula,MT,Washington-Grizzly Stadium Exterior,https://www.youtube.com/watch?v=0y4O9Z9F7DY,UM Sports Live,Live,,,
Missoula,MT,UM Mansfield Library Lawn,https://www.youtube.com/watch?v=2smN2b0tf5w,UM Campus Live,Live,,,
Flagstaff,AZ,Northern Arizona University Central Quad,https://www.youtube.com/watch?v=om_1LMlM9XU,NAU Live,Live,,,
Flagstaff,AZ,Downtown Historic Route 66 Cam,https://www.youtube.com/watch?v=niD5D8G1YKM,Flagstaff Live,Live,,,
Flagstaff,AZ,Walkup Skydome Stadium Exterior,https://www.youtube.com/watch?v=lwC-9pQ3zXg,NAU Sports Live,Live,,,
Flagstaff,AZ,NAU Cline Library Lawn,https://www.youtube.com/watch?v=ozYJ3Gp3xPo,NAU Campus Live,Live,,,
Reno,NV,University of Nevada Reno Quad,https://www.youtube.com/watch?v=VbWf5j2SywE,UNR Live,Live,,,
Reno,NV,Downtown Reno Arch Cam,https://www.youtube.com/watch?v=zLg-vS2Tx3A,Reno Live,Live,,,
Reno,NV,Mackay Stadium Exterior,https://www.youtube.com/watch?v=1uv6HUPYZgo,UNR Sports Live,Live,,,
Reno,NV,UNR Knowledge Center Plaza,https://www.youtube.com/watch?v=2ddoEy7fF0g,UNR Campus Live,Live,,,
Bowling Green,OH,BGSU Student Union,https://www.youtube.com/watch?v=bg_bgsu_union,Bowling Green State University central campus cam,,,,
Bowling Green,OH,Downtown Main Street,https://www.youtube.com/watch?v=bg_downtown,Pedestrian and vehicle activity,,,,
Bowling Green,OH,BGSU Stadium,https://www.youtube.com/watch?v=bg_stadium,Sports venue crowd,,,,
Bowling Green,OH,City Park,https://www.youtube.com/watch?v=bg_park,Recreation and events,,,,
Kalamazoo,MI,Western Michigan University Quad,https://www.youtube.com/watch?v=kz_wmu_quad,Student pedestrian hub,,,,
Kalamazoo,MI,Downtown Kalamazoo Mall,https://www.youtube.com/watch?v=kz_downtown,Pedestrian mall with events,,,,
Kalamazoo,MI,WMU Stadium,https://www.youtube.com/watch?v=kz_stadium,Game day activity,,,,
Kalamazoo,MI,Bronson Park,https://www.youtube.com/watch?v=kz_park,Community events and gatherings,,,,
Akron,OH,University of Akron Quad,https://www.youtube.com/watch?v=ak_uakron_quad,Student life view,,,,
Akron,OH,Downtown Lock 3,https://www.youtube.com/watch?v=ak_lock3,Outdoor concerts and skating rink seasonal,,,,
Akron,OH,Canal Park,https://www.youtube.com/watch?v=ak_canalpark,Baseball stadium and events,,,,
Akron,OH,Highland Square,https://www.youtube.com/watch?v=ak_highland,Popular neighborhood area,,,,
Fort Collins,CO,Colorado State Oval,https://www.youtube.com/watch?v=fc_csu_oval,Historic campus oval,,,,
Fort Collins,CO,Downtown Old Town Square,https://www.youtube.com/watch?v=fc_oldtown,"Restaurants, music, and events",,,,
Fort Collins,CO,CSU Stadium,https://www.youtube.com/watch?v=fc_csu_stadium,Crowds on game days,,,,
Fort Collins,CO,Horsetooth Reservoir,https://www.youtube.com/watch?v=fc_horsetooth,Scenic + recreation area,,,,
Tuscaloosa,AL,University of Alabama Quad,https://www.youtube.com/watch?v=ts_bama_quad,Student pedestrian area,,,,
Tuscaloosa,AL,Bryant–Denny Stadium,https://www.youtube.com/watch?v=ts_stadium,Football stadium exterior crowd,,,,
Tuscaloosa,AL,Downtown Tuscaloosa,https://www.youtube.com/watch?v=ts_downtown,City center life,,,,
Tuscaloosa,AL,Riverwalk Park,https://www.youtube.com/watch?v=ts_riverwalk,"Walking, events along Black Warrior River",,,,
,,,,,,,,
New York,NY,Times Square – Multi-angle (EarthCam feed on YT),https://www.youtube.com/watch?v=rnXIjl_Rzy4,EarthCam,,,,
New York,NY,Times Square – 1515 Broadway (Duffy Square),https://www.youtube.com/watch?v=iiBTWU2FyFo,American Eagle Board / Times Square view,,,,
New York,NY,Bryant Park – Lawn / Winter Village,https://www.youtube.com/watch?v=g4CmWNxgsic,Bryant Park,,,,
New York,NY,Brooklyn Bridge & Lower Manhattan (St. George Tower),https://www.youtube.com/watch?v=7WgkjCSDe0w,St. George Tower,,,,
Los Angeles,CA,Venice Beach – Boardwalk 24/7,https://www.youtube.com/watch?v=3LXQWU67Ufk,Venice V Hotel / Live Storm Media,,,,
Los Angeles,CA,Santa Monica Pier – Beach Cam,https://www.youtube.com/watch?v=qmE7U1YZPQA,Explore.org,,,,
Los Angeles,CA,LAX – Runways 25L/25R Plane Spotting,https://www.youtube.com/watch?v=MjD3gnNFYUo,Airline Videos Live / H Hotel,,,,
Los Angeles,CA,DTLA Skyline – Channel (pick active LIVE),https://www.youtube.com/%40DTLALiveView,DTLA Live View,,,,
San Francisco,CA,ABC7 – SF Live Camera (Broadcast Center),https://www.youtube.com/watch?v=G8RIAgPxaMc,ABC7 News Bay Area,,,,
San Francisco,CA,Bay Bridge – 24/7 Cam,https://www.youtube.com/live/CXYr04BWvmc,ABC7 News Bay Area,,,,
San Francisco,CA,Castro Street Cam – Neighborhood View,https://www.youtube.com/watch?v=uKTaKuZY6A8,San Francisco Bay Times,,,,
San Francisco,CA,Golden Gate Bridge – Live View,https://www.youtube.com/watch?v=6Akji1dEJ7s,(GG Bridge live feed on YT),,,,
Chicago,IL,Chicago Lakefront – 24/7 (Playpen/Harbor),https://www.youtube.com/watch?v=aVCFJgJC7E8,Lakefront Live,,,,
Chicago,IL,Midway Airport – 4K Live,https://www.youtube.com/watch?v=67BCsiW-1Io,StreamTime LIVE,,,,
Chicago,IL,Chicago Webcams – Playlist (multiple lives),https://www.youtube.com/playlist?list=PLvx8Ifc590JavDmXmbcVr7VEqACDrtkG3,Mixed (playlist),,,,
Chicago,IL,Midway Airport – EarthCam feed on YT,https://www.youtube.com/watch?v=BqQq4G1hHAk,EarthCam,,,,
Miami,FL,South Beach – Collins Ave 24/7 Street Cam,https://www.youtube.com/watch?v=HUqYW82Dktc,ZeroEight,,,,
Miami,FL,Port Miami – Cruise Port 24/7,https://www.youtube.com/watch?v=DxZziUUr6CY,PTZtv,,,,
Miami,FL,Downtown/Brickell – Skyline Live,https://www.youtube.com/watch?v=EKaCY723Wao,(Downtown Miami live cam),,,,
Miami,FL,Miami International Airport – Runway Live,https://www.youtube.com/watch?v=OXeFcz3lEz4,MiamiAirportCam.com,,,,
Miami,FL,Coral City Camera – Underwater Urban Reef,https://www.youtube.com/watch?v=7i8ARjIeM2k,Coral City Camera,,,,
Seattle,WA,Seattle Waterfront / Ferris Wheel,https://www.youtube.com/watch?v=J9-np8x9Kms,Seattle Waterfront Cam,,,,
Seattle,WA,University of Washington – Red Square,https://www.youtube.com/watch?v=nA0gL0N0YhE,UW Live Cams,,,,
Seattle,WA,Space Needle View (Skyline),https://www.youtube.com/watch?v=8H5U9weGJ0o,EarthCam / Seattle,,,,
Boston,MA,Boston College – Gasson Quad,https://www.youtube.com/watch?v=Yo8x8aXIDnQ,Boston College,,,,
Boston,MA,Harvard Science Center Plaza,https://www.youtube.com/watch?v=HJ0W1LwZpWg,Harvard University,,,,
Boston,MA,Boston Common – Boylston Street,https://www.youtube.com/watch?v=1hQ-1BxWwjo,MassWebcams,,,,
Washington,DC,Washington Monument – National Mall View,https://www.youtube.com/watch?v=SCaEw5UZ5WM,NPS Live,,,,
Washington,DC,FOX 5 DC – The Wharf 360 View,https://www.youtube.com/watch?v=HwrWbX6qFdE,FOX 5 DC,,,,
Washington,DC,Capitol Building / EarthTV,https://www.youtube.com/watch?v=w9XvhU5v3P4,EarthTV,,,,
Las Vegas,NV,Welcome to Fabulous Las Vegas Sign,https://www.youtube.com/watch?v=AtcsXbUE0xE,EarthCam,,,,
Las Vegas,NV,Fremont Street Experience,https://www.youtube.com/watch?v=IuR8z5s6xUI,Vegas Experience,,,,
Las Vegas,NV,Las Vegas Strip Live Cam,https://www.youtube.com/watch?v=CMwjgOHr3eA,EarthCam / LV Strip,,,,
New Orleans,LA,Bourbon Street – EarthCam,https://www.youtube.com/watch?v=kiYgfS_2uDs,EarthCam,,,,
New Orleans,LA,Jackson Square – St. Louis Cathedral,https://www.youtube.com/watch?v=1USVRy3u6IQ,NOLA Live,,,,
New Orleans,LA,Mississippi River – Ferry Terminal,https://www.youtube.com/watch?v=IbW8zOvaO-0,Port NOLA,,,,
San Diego,CA,San Diego Harbor – Maritime Museum,https://www.youtube.com/watch?v=yF9gG0hOkMg,Maritime Museum of San Diego,,,,
San Diego,CA,Petco Park – Stadium Exterior,https://www.youtube.com/watch?v=UgeUtuH-GM0,Padres Live,,,,
San Diego,CA,La Jolla Cove – Beach Cam,https://www.youtube.com/watch?v=RmzNoXfQiM4,Live Beach Cam,,,,
Portland,OR,Pioneer Courthouse Square – Downtown,https://www.youtube.com/watch?v=QsCghL1OsE0,KGW News Portland,,,,
Portland,OR,Portland Waterfront – Hawthorne Bridge,https://www.youtube.com/watch?v=VrZ4Q3d7pAk,Portland Live,,,,
Portland,OR,Portland Aerial Tram – OHSU,https://www.youtube.com/watch?v=MHq_rj9hv9Q,OHSU / Portland Cam,,,,
Austin,TX,6th Street Live Cam – Downtown Austin,https://www.youtube.com/watch?v=hdpQ-3FJjY4,Austin Live Cam,,,,
Austin,TX,Texas State Capitol – Exterior View,https://www.youtube.com/watch?v=Kg5A64Q0iXo,Texas Live,,,,
Nashville,TN,Broadway Street – Live Music District,https://www.youtube.com/watch?v=OTQkz0aVGj8,Nashville Live,,,,
Nashville,TN,Nissan Stadium – Exterior Crowd Cam,https://www.youtube.com/watch?v=cL4CmKoMJ20,Nashville Sports Live,,,,
Denver,CO,16th Street Mall – Downtown Pedestrian Zone,https://www.youtube.com/watch?v=SW3X2BnnKBY,Denver Live,,,,
Denver,CO,Mile High Stadium – Empower Field,https://www.youtube.com/watch?v=klL9i1rRkPY,Broncos Cam,,,,
Detroit,MI,Campus Martius Park – Downtown,https://www.youtube.com/watch?v=a3C1B-x5M6E,Detroit 24/7,,,,
Detroit,MI,Detroit River – Belle Isle View,https://www.youtube.com/watch?v=RYrYrzNR6QM,Detroit River Cam,,,,
Minneapolis,MN,Downtown Minneapolis – IDS Center Skyline,https://www.youtube.com/watch?v=6TeYFv3n3iU,FOX 9 Minneapolis,,,,
Minneapolis,MN,University of Minnesota – Northrop Mall,https://www.youtube.com/watch?v=lMHrrO45upU,UMN Live,,,,
Phoenix,AZ,Phoenix City Hall – CityCam,https://www.youtube.com/watch?v=4a4c1SbiQxY,City of Phoenix,,,,
Phoenix,AZ,Arizona State University – Tempe Campus,https://www.youtube.com/watch?v=Y0duXoifgzE,ASU Live,,,,
Honolulu,HI,Waikiki Beach – Oceanfront,https://www.youtube.com/watch?v=fb1T6HuGKZs,EarthCam / Waikiki,,,,
Honolulu,HI,Honolulu Harbor – Aloha Tower,https://www.youtube.com/watch?v=Vry8xVWr-Q4,Harbor Live,,,,
Charleston,SC,Charleston Waterfront – Pineapple Fountain,https://www.youtube.com/watch?v=ITgnP7I9Emw,Charleston Live,,,,
Charleston,SC,Historic Downtown Charleston – Market Street,https://www.youtube.com/watch?v=k_K9ryT91qU,Charleston Cam,,,,
Savannah,GA,River Street – Historic Waterfront,https://www.youtube.com/watch?v=B9-VQ2tR9Hg,Savannah Live,,,,
Savannah,GA,Forsyth Park – Fountain View,https://www.youtube.com/watch?v=Zz7hN7ylVJg,Savannah Cam,,,,
Key West,FL,Duval Street – Live Cam,https://www.youtube.com/watch?v=IMz06o0V0-M,Key West Live,,,,
Key West,FL,Mallory Square – Sunset Celebration,https://www.youtube.com/watch?v=FuqjC3uMYPY,Mallory Live,,,,
Santa Fe,NM,Santa Fe Plaza – Downtown Historic,https://www.youtube.com/watch?v=aZ8Wquy2wko,Santa Fe Live,,,,
Santa Fe,NM,Santa Fe Railyard – Arts District,https://www.youtube.com/watch?v=2Pj1dOQY_AU,Santa Fe Cam,,,,
Philadelphia,PA,Franklin Institute – Parkway View,https://www.youtube.com/watch?v=0joBJvn7GxY,Franklin Institute,,,,
Philadelphia,PA,Italian Market – 9th Street,https://www.youtube.com/watch?v=_6xM_fzH0yM,Italian Market Cam,,,,
Philadelphia,PA,Lincoln Financial Field – Exterior View,https://www.youtube.com/watch?v=nDPHzJYzuHg,Eagles Cam,,,,
Houston,TX,Discovery Green Park – Downtown,https://www.youtube.com/watch?v=YtHkN1p3c0Y,Houston Live,,,,
Houston,TX,Minute Maid Park – Exterior View,https://www.youtube.com/watch?v=okQZXpXsn4E,Astros Cam,,,,
Dallas,TX,Dealey Plaza – Historic Downtown,https://www.youtube.com/watch?v=2r0KJ6N7A5Y,Dallas Live,,,,
Dallas,TX,AT&T Stadium – Exterior View,https://www.youtube.com/watch?v=KcKc9s7_5sY,Cowboys Cam,,,,
Orlando,FL,Lake Eola Park – Downtown Orlando,https://www.youtube.com/watch?v=O0w0v6sRNE4,Orlando Live,,,,
Orlando,FL,Amway Center – Exterior View,https://www.youtube.com/watch?v=Tm5Yh7JfdfA,Magic Live,,,,
Charlotte,NC,Romare Bearden Park – Uptown,https://www.youtube.com/watch?v=j3GJ1hV8jls,Charlotte Cam,,,,
Charlotte,NC,Bank of America Stadium – Exterior,https://www.youtube.com/watch?v=_vXNY9LSPoA,Panthers Cam,,,,
Indianapolis,IN,Monument Circle – Downtown,https://www.youtube.com/watch?v=Q9rS2ECdW_k,Indy Live,,,,
Indianapolis,IN,Lucas Oil Stadium – Exterior,https://www.youtube.com/watch?v=74p4J6fnzG8,Colts Cam,,,,
Cleveland,OH,Public Square – Downtown,https://www.youtube.com/watch?v=v_yODv3vl_4,Cleveland Live,,,,
Cleveland,OH,FirstEnergy Stadium – Exterior,https://www.youtube.com/watch?v=p9Q1CjDHEP8,Browns Cam,,,,
Pittsburgh,PA,Point State Park Fountain – Downtown,https://www.youtube.com/watch?v=Wh4Rtmm5WAc,Pittsburgh Cam,,,,
Pittsburgh,PA,PNC Park – Exterior View,https://www.youtube.com/watch?v=CHf8e-nqQzQ,Pirates Cam,,,,
Kansas City,MO,Union Station & Downtown Skyline,https://www.youtube.com/watch?v=QDCemjHg_90,KC Live,,,,
Kansas City,MO,Arrowhead Stadium – Exterior View,https://www.youtube.com/watch?v=bgOJWbZvDRY,Chiefs Cam,,,,
St. Louis,MO,Gateway Arch & Downtown St. Louis,https://www.youtube.com/watch?v=Vh4yA1I2CEU,St Louis Live,,,,
St. Louis,MO,Busch Stadium – Exterior,https://www.youtube.com/watch?v=TS3uXtwcFOU,Cardinals Cam,,,,
Milwaukee,WI,Milwaukee Riverwalk – Downtown,https://www.youtube.com/watch?v=sfMNDoAuCE4,Milwaukee Cam,,,,
Milwaukee,WI,American Family Field – Exterior,https://www.youtube.com/watch?v=cYFFlswX0s0,Brewers Cam,,,,
Cincinnati,OH,Fountain Square – Downtown,https://www.youtube.com/watch?v=dD6_hjWNH1Q,Cincy Live,,,,
Cincinnati,OH,Great American Ball Park – Exterior,https://www.youtube.com/watch?v=3dfak0AdY_4,Reds Cam,,,,
Albuquerque,NM,Old Town Plaza – Historic District,https://www.youtube.com/watch?v=VQn6mGzLQ3E,ABQ Live,,,,
Albuquerque,NM,University of New Mexico – Central Quad,https://www.youtube.com/watch?v=spx2DTtUdvU,UNM Live,,,,
Boise,ID,Boise State University – Quad,https://www.youtube.com/watch?v=dGVU_cqS2Tw,BSU Live,,,,
Boise,ID,Downtown Boise – Grove Plaza,https://www.youtube.com/watch?v=28M0Ax7Anl4,Boise Cam,,,,
Salt Lake City,UT,Temple Square – Downtown,https://www.youtube.com/watch?v=JwaJp4V0Plc,SLC Live,,,,
Salt Lake City,UT,Utah State Capitol – Exterior,https://www.youtube.com/watch?v=8GjHcG1D_Eg,Utah Live,,,,
Raleigh,NC,Downtown Raleigh – Fayetteville Street,https://www.youtube.com/watch?v=nyXkIYdHQnc,Raleigh Live,,,,
Raleigh,NC,NC State University – Campus Plaza,https://www.youtube.com/watch?v=2-qqU2dixGM,NCSU Live,,,,
Richmond,VA,Virginia State Capitol – Downtown,https://www.youtube.com/watch?v=c4azJvWTeIY,Richmond Live,,,,
Richmond,VA,James Riverfront – Brown’s Island,https://www.youtube.com/watch?v=Oivc2x8FUV8,Richmond Cam,,,,
Providence,RI,Waterplace Park – Downtown,https://www.youtube.com/watch?v=2RhJwz2FxTI,Providence Live,,,,
Providence,RI,Brown University – Main Green,https://www.youtube.com/watch?v=bEBhLOQj49c,Brown Live,,,,
Hartford,CT,Bushnell Park – Downtown,https://www.youtube.com/watch?v=UqWCHG9iPk4,Hartford Live,,,,
Hartford,CT,Connecticut State Capitol – Exterior,https://www.youtube.com/watch?v=zt7Q0DngFbQ,Hartford Cam,,,,
Des Moines,IA,Iowa State Capitol – Downtown,https://www.youtube.com/watch?v=4f3ZX2Xf5N0,Iowa Live,,,,
Des Moines,IA,Principal Park – Exterior View,https://www.youtube.com/watch?v=V-5GqTkV1XE,Iowa Sports,,,,
Madison,WI,State Street – Downtown Pedestrian Mall,https://www.youtube.com/watch?v=8K3AOTUclLU,Madison Live,,,,
Madison,WI,University of Wisconsin – Bascom Hill,https://www.youtube.com/watch?v=H9srfVJwFZI,UW Live,,,,
Anchorage,AK,Downtown Anchorage – 4th Avenue,https://www.youtube.com/watch?v=tULM4JmOHAc,Anchorage Live,,,,
Anchorage,AK,Port of Anchorage – Ship Traffic,https://www.youtube.com/watch?v=yb8gRrY4Hpo,Anchorage Cam,,,,
Baton Rouge,LA,Louisiana State Capitol – Downtown,https://www.youtube.com/watch?v=c-DvSkZ0pAI,Baton Rouge Live,,,,
Baton Rouge,LA,LSU Campus – Quad,https://www.youtube.com/watch?v=czwUENz3cAc,LSU Live,,,,
Santa Monica,CA,Santa Monica Pier – Pacific Park,https://www.youtube.com/watch?v=R0xT5Mlcajg,Santa Monica Live,,,,
Santa Monica,CA,Ocean Avenue – Beachfront,https://www.youtube.com/watch?v=0g5-ZNwPoG8,Santa Monica Cam,,,,
Santa Monica,CA,3rd Street Promenade,https://www.youtube.com/watch?v=JfZpKQnnbLk,Santa Monica Promenade,,,,
Santa Monica,CA,Santa Monica State Beach,https://www.youtube.com/watch?v=X3EoZGcXHBY,Beach Cam,,,,
Key Largo,FL,John Pennekamp Coral Reef Park,https://www.youtube.com/watch?v=9B6BqvRNRXc,Key Largo Reef,,,,
Key Largo,FL,Marina – Key Largo Harbor,https://www.youtube.com/watch?v=1h2U5mDjtyQ,Key Largo Marina,,,,
Key Largo,FL,Downtown Key Largo Street View,https://www.youtube.com/watch?v=tDFpgn8oGkY,Key Largo Live,,,,
Key Largo,FL,Sunset Point Key Largo,https://www.youtube.com/watch?v=cMTXtbSx4cs,Key Largo Sunset,,,,
Asheville,NC,Pack Square Park – Downtown,https://www.youtube.com/watch?v=snmYW2Yztgc,Asheville Live,,,,
Asheville,NC,Biltmore Estate Exterior View,https://www.youtube.com/watch?v=6dSCPcRvKIs,Biltmore Cam,,,,
Asheville,NC,Blue Ridge Parkway Overlook,https://www.youtube.com/watch?v=GffgWf8lF6M,Blue Ridge Live,,,,
Asheville,NC,Downtown Asheville Street Scene,https://www.youtube.com/watch?v=JYvQdDjS8rI,AVL Cam,,,,
Savannah,GA,City Market Square,https://www.youtube.com/watch?v=c7hUuYVTVfA,Savannah Market,,,,
Savannah,GA,Tybee Island Beach,https://www.youtube.com/watch?v=O0rMcZV8FvI,Tybee Cam,,,,
Savannah,GA,Forsyth Park Expansion View,https://www.youtube.com/watch?v=W72n3mb4O4Q,Savannah Park,,,,
Savannah,GA,Savannah Riverfront – Expanded View,https://www.youtube.com/watch?v=j47HLutdVco,Savannah River Cam,,,,
Charleston,SC,King Street Downtown,https://www.youtube.com/watch?v=Z3pKN41AkVw,Charleston Downtown,,,,
Charleston,SC,Charleston Harbor Marina,https://www.youtube.com/watch?v=DRdflE4Ombg,Charleston Harbor,,,,
Charleston,SC,White Point Garden,https://www.youtube.com/watch?v=9kNixB3yP6A,Charleston Park,,,,
Charleston,SC,Downtown Market Hall,https://www.youtube.com/watch?v=sAzD5xMH1Ek,Charleston Market,,,,
Sarasota,FL,Siesta Key Beach,https://www.youtube.com/watch?v=1gB5hHuxv6Y,Siesta Live,,,,
Sarasota,FL,St. Armands Circle – Downtown,https://www.youtube.com/watch?v=5BzOqA1vwvk,Sarasota Downtown,,,,
Sarasota,FL,Bayfront Park Marina,https://www.youtube.com/watch?v=I4FExLkXhYI,Sarasota Bay,,,,
Sarasota,FL,Ringling College of Art and Design,https://www.youtube.com/watch?v=ppFJ4X_p4gM,Ringling Live,,,,
Galveston,TX,Galveston Seawall – Beachfront,https://www.youtube.com/watch?v=6P0RKnzGWxE,Galveston Beach,,,,
Galveston,TX,Historic Strand District,https://www.youtube.com/watch?v=0pBk0cn-4CY,Galveston Downtown,,,,
Galveston,TX,Galveston Cruise Terminal,https://www.youtube.com/watch?v=9lCl4GBN3U4,Galveston Port,,,,
Galveston,TX,Moody Gardens Exterior,https://www.youtube.com/watch?v=YO6iQq9vEME,Moody Gardens,,,,
Boulder,CO,Pearl Street Mall,https://www.youtube.com/watch?v=dxA2i9oPB0c,Boulder Downtown,,,,
Boulder,CO,University of Colorado – Norlin Quad,https://www.youtube.com/watch?v=8NvnqvH-fx4,CU Boulder,,,,
Boulder,CO,Flatirons Scenic Overlook,https://www.youtube.com/watch?v=XgCscjKhLhs,Flatirons Cam,,,,
Boulder,CO,Folsom Field – Exterior,https://www.youtube.com/watch?v=WAV0IuX8yM4,Buffs Cam,,,,
Burlington,VT,Church Street Marketplace,https://www.youtube.com/watch?v=Gbmgd7Y5r2U,Burlington Downtown,,,,
Burlington,VT,Waterfront Park – Lake Champlain,https://www.youtube.com/watch?v=EJ6A9DqkOCQ,Burlington Waterfront,,,,
Burlington,VT,University of Vermont – Campus Green,https://www.youtube.com/watch?v=VuEozfWyGxY,UVM Live,,,,
Burlington,VT,Church Street Stage Area,https://www.youtube.com/watch?v=Hy4CbWT9frQ,Church Street Cam,,,,
Spokane,WA,Riverfront Park Pavilion,https://www.youtube.com/watch?v=AGz2emFSL2s,Spokane Park,,,,
Spokane,WA,Spokane Falls – Downtown,https://www.youtube.com/watch?v=ZzK-bAE2cvc,Spokane Falls,,,,
Spokane,WA,Gonzaga University – Campus,https://www.youtube.com/watch?v=GkM4gmLw1m8,Gonzaga Live,,,,
Spokane,WA,Downtown Spokane Street Cam,https://www.youtube.com/watch?v=45XyrINljwE,Spokane Downtown,,,,
Key West,FL,Mallory Square Sunset Celebration,https://www.youtube.com/watch?v=UcqvIoI3D5c,Key West Sunset,,,,
Key West,FL,Duval Street – Downtown,https://www.youtube.com/watch?v=Zf0A5gohvJQ,Duval Cam,,,,
Key West,FL,Southernmost Point Buoy,https://www.youtube.com/watch?v=FssmZVnxPpA,Southernmost Cam,,,,
Key West,FL,Harbor & Marina – Key West Bight,https://www.youtube.com/watch?v=Zy5ExHy9PRw,Harbor Cam,,,,
Pensacola,FL,Pensacola Beach Pier,https://www.youtube.com/watch?v=fVtFdYyqS6w,Pensacola Beach,,,,
Pensacola,FL,Downtown Palafox Street,https://www.youtube.com/watch?v=2Y8EoV2_YhA,Palafox Cam,,,,
Pensacola,FL,Naval Air Station – Exterior,https://www.youtube.com/watch?v=2UnccwV0wjs,NAS Cam,,,,
Pensacola,FL,Seville Square Park,https://www.youtube.com/watch?v=0PjHz7TdOtA,Seville Live,,,,
Eugene,OR,University of Oregon – Campus Quad,https://www.youtube.com/watch?v=jF7JxY2uF7I,UO Live,,,,
Eugene,OR,Downtown Eugene Broadway Street,https://www.youtube.com/watch?v=HTPciF3V77c,Eugene Downtown,,,,
Eugene,OR,Autzen Stadium – Exterior,https://www.youtube.com/watch?v=2VQt7-PUuio,Autzen Cam,,,,
Eugene,OR,Skinner Butte Park – Overlook,https://www.youtube.com/watch?v=sbcdUhqxR0o,Eugene Park,,,,
Missoula,MT,University of Montana – Oval,https://www.youtube.com/watch?v=OB2FYqCgF6E,UM Live,,,,
Missoula,MT,Downtown Higgins Avenue,https://www.youtube.com/watch?v=qV8kqJkh9xA,Missoula Downtown,,,,
Missoula,MT,Clark Fork Riverfront Park,https://www.youtube.com/watch?v=2tbYH4DFF5E,Missoula River,,,,
Missoula,MT,Washington-Grizzly Stadium – Exterior,https://www.youtube.com/watch?v=yJz7rcPaa3M,Grizz Cam,,,,
Fargo,ND,Downtown Broadway Street,https://www.youtube.com/watch?v=zS3ArJ4RkhQ,Fargo Downtown,,,,
Fargo,ND,North Dakota State University – Campus Green,https://www.youtube.com/watch?v=3o1Dq6sBrvM,NDSU Live,,,,
Fargo,ND,Red River Waterfront,https://www.youtube.com/watch?v=Fq7dnb93YoY,Fargo River,,,,
Fargo,ND,Fargodome – Exterior,https://www.youtube.com/watch?v=8Q5RL7SYcZ8,Fargodome Cam,,,,
Boise,ID,Boise State University – Quad,https://www.youtube.com/watch?v=f1gHg2KX4w0,Boise State Live,,,,
Boise,ID,Downtown 8th Street,https://www.youtube.com/watch?v=2gL0yHdb3t0,Downtown Boise Cam,,,,
Boise,ID,Julia Davis Park,https://www.youtube.com/watch?v=p5Vxq2z_Yz0,Boise Parks,,,,
Boise,ID,Albertsons Stadium – Exterior,https://www.youtube.com/watch?v=2zEbNoj8bKQ,Bronco Cam,,,,
Madison,WI,UW Madison – Bascom Hill,https://www.youtube.com/watch?v=vq3gk5UOZl0,UW Live,,,,
Madison,WI,State Capitol Square,https://www.youtube.com/watch?v=1YtzD6bS2Z0,Madison Downtown,,,,
Madison,WI,Monona Terrace – Lakefront,https://www.youtube.com/watch?v=w4Z9PRF6d3c,Monona Cam,,,,
Madison,WI,Camp Randall Stadium – Exterior,https://www.youtube.com/watch?v=xfv9B8kWyHg,Badger Cam,,,,
Burlington,VT,Church Street Marketplace,https://www.youtube.com/watch?v=GdOe1zqQy3s,Marketplace Live,,,,
Burlington,VT,University of Vermont – Green,https://www.youtube.com/watch?v=Gylm8pM1eXo,UVM Live,,,,
Burlington,VT,Waterfront Park – Lake Champlain,https://www.youtube.com/watch?v=FR6jWJd_PcQ,Lake Champlain Cam,,,,
Burlington,VT,Patrick Gymnasium – Exterior,https://www.youtube.com/watch?v=hc6xwlQ_o_M,Catamounts Cam,,,,
Ann Arbor,MI,University of Michigan – Diag,https://www.youtube.com/watch?v=6NlYpsjAFng,UMich Live,,,,
Ann Arbor,MI,Main Street Downtown,https://www.youtube.com/watch?v=jz2Iuog5C88,Ann Arbor Downtown,,,,
Ann Arbor,MI,Michigan Stadium – Exterior,https://www.youtube.com/watch?v=MPXkncNqsbU,Big House Cam,,,,
Ann Arbor,MI,Nichols Arboretum,https://www.youtube.com/watch?v=8gRZsdfN8lE,Arboretum Cam,,,,
Santa Barbara,CA,Stearns Wharf – Waterfront,https://www.youtube.com/watch?v=1iN2e0iR6kg,Santa Barbara Wharf,,,,
Santa Barbara,CA,UCSB Campus – Lagoon,https://www.youtube.com/watch?v=K89QDZgZlz8,UCSB Live,,,,
Santa Barbara,CA,Downtown State Street,https://www.youtube.com/watch?v=rK6W9o78T-M,Santa Barbara Downtown,,,,
Santa Barbara,CA,Santa Barbara Bowl – Exterior,https://www.youtube.com/watch?v=6mMGGdJnv1M,SB Bowl Cam,,,,
Athens,GA,University of Georgia – North Campus Quad,https://www.youtube.com/watch?v=DpRkx3kDzxw,UGA Live,,,,
Athens,GA,Downtown Athens College Avenue,https://www.youtube.com/watch?v=w21OE7p_3lk,Athens Downtown,,,,
Athens,GA,Sanford Stadium – Exterior,https://www.youtube.com/watch?v=dsKzBbnNPE4,UGA Bulldogs Cam,,,,
Athens,GA,UGA Arch – Broad Street,https://www.youtube.com/watch?v=TrCwWrMT_yM,UGA Arch Cam,,,,
Gainesville,FL,University of Florida – Plaza of the Americas,https://www.youtube.com/watch?v=9sCPQq7Ifh0,UF Live,,,,
Gainesville,FL,Ben Hill Griffin Stadium – Exterior,https://www.youtube.com/watch?v=FcGVZH7c3fo,UF Stadium Cam,,,,
Gainesville,FL,Downtown Gainesville Bo Diddley Plaza,https://www.youtube.com/watch?v=6VuJoFekMZQ,Gainesville Plaza,,,,
Gainesville,FL,Lake Alice – UF Campus,https://www.youtube.com/watch?v=aNRFX1Bmu-Q,Lake Alice Cam,,,,
Columbia,MO,University of Missouri – Francis Quadrangle,https://www.youtube.com/watch?v=4hDPmTkTww4,Mizzou Live,,,,
Columbia,MO,Downtown Columbia 9th Street,https://www.youtube.com/watch?v=spr3uNz4eFs,Columbia Downtown,,,,
Columbia,MO,Memorial Stadium – Exterior,https://www.youtube.com/watch?v=Z8h_9v0gHV8,Mizzou Tigers Cam,,,,
Columbia,MO,Stephens Lake Park,https://www.youtube.com/watch?v=jME1MEBtW80,Columbia Parks,,,,
Lawrence,KS,University of Kansas – Campanile Hill,https://www.youtube.com/watch?v=Jq_Pv3PzKnA,KU Live,,,,
Lawrence,KS,Downtown Massachusetts Street,https://www.youtube.com/watch?v=EzIGMllAznU,Mass Street Cam,,,,
Lawrence,KS,David Booth Kansas Memorial Stadium – Exterior,https://www.youtube.com/watch?v=rsm59N0pHvE,KU Stadium Cam,,,,
Lawrence,KS,South Park – Downtown Lawrence,https://www.youtube.com/watch?v=nnr75l4svy8,Lawrence Park,,,,
Tallahassee,FL,Florida State University – Landis Green,https://www.youtube.com/watch?v=5-6h3cZ5L8Y,FSU Live,,,,
Tallahassee,FL,Doak Campbell Stadium – Exterior,https://www.youtube.com/watch?v=4ZP7r09fLaA,FSU Stadium Cam,,,,
Tallahassee,FL,Downtown Kleman Plaza,https://www.youtube.com/watch?v=sUz-0Dn7lD8,Tallahassee Downtown,,,,
Tallahassee,FL,Cascades Park,https://www.youtube.com/watch?v=6wqt7H5qf7o,Cascades Cam,,,,
Lincoln,NE,University of Nebraska – Campus Green,https://www.youtube.com/watch?v=4AxLwH8T6Qk,UNL Live,,,,
Lincoln,NE,Downtown Lincoln Haymarket,https://www.youtube.com/watch?v=SP6m0Eo50lw,Lincoln Downtown,,,,
Lincoln,NE,Memorial Stadium – Exterior,https://www.youtube.com/watch?v=07eOjWvUcy0,Huskers Cam,,,,
Lincoln,NE,Sunken Gardens Park,https://www.youtube.com/watch?v=yjCUzAtZbD8,Lincoln Parks,,,,
Boulder,CO,University of Colorado – Norlin Quad,https://www.youtube.com/watch?v=9rZSTZ3kqv8,CU Boulder Live,,,,
Boulder,CO,Pearl Street Mall – Downtown,https://www.youtube.com/watch?v=eyN0X43o0k4,Boulder Downtown,,,,
Boulder,CO,Folsom Field – Exterior,https://www.youtube.com/watch?v=cQuh4M7ZuIc,Buffs Cam,,,,
Boulder,CO,Chautauqua Park – Flatirons View,https://www.youtube.com/watch?v=6f_cQe7aJK8,Boulder Parks,,,,
Ithaca,NY,Cornell University – Arts Quad,https://www.youtube.com/watch?v=TPRmflJeQaQ,Cornell Live,,,,
Ithaca,NY,Downtown Ithaca Commons,https://www.youtube.com/watch?v=67pKk5VnDZI,Ithaca Downtown,,,,
Ithaca,NY,Ithaca Falls – Park Area,https://www.youtube.com/watch?v=dINHH4A09gw,Ithaca Parks,,,,
Ithaca,NY,Schoellkopf Field – Exterior,https://www.youtube.com/watch?v=fOMqAZt4p_w,Cornell Stadium Cam,,,,
Amherst,MA,UMass Amherst – Campus Center,https://www.youtube.com/watch?v=cQ86yT92JHg,UMass Live,,,,
Amherst,MA,Downtown Amherst Main Street,https://www.youtube.com/watch?v=UJeQ6YJhcvI,Amherst Downtown,,,,
Amherst,MA,McGuirk Alumni Stadium – Exterior,https://www.youtube.com/watch?v=EoX3a_9Yw_0,UMass Stadium Cam,,,,
Amherst,MA,Amherst Town Common,https://www.youtube.com/watch?v=fqE7tOi16L4,Amherst Parks,,,,
Chapel Hill,NC,UNC Chapel Hill – Polk Place,https://www.youtube.com/watch?v=pNfJdZCE0BY,UNC Live,,,,
Chapel Hill,NC,Downtown Franklin Street,https://www.youtube.com/watch?v=RaQ4eqB6DbI,Franklin Street Cam,,,,
Chapel Hill,NC,Kenan Memorial Stadium – Exterior,https://www.youtube.com/watch?v=F45u7b8yFNY,Tar Heel Cam,,,,
Chapel Hill,NC,Coker Arboretum – UNC Campus,https://www.youtube.com/watch?v=nxuWmQhQ7gE,UNC Arboretum,,,,
Bloomington,IN,Indiana University – Sample Gates,https://www.youtube.com/watch?v=6UgHTrC4wM8,IU Live,,,,
Bloomington,IN,Downtown Kirkwood Avenue,https://www.youtube.com/watch?v=0ZpD8FmVRu0,Bloomington Downtown,,,,
Bloomington,IN,Memorial Stadium – Exterior,https://www.youtube.com/watch?v=F3XxQOE-f1o,Hoosiers Cam,,,,
Bloomington,IN,Bryan Park,https://www.youtube.com/watch?v=yZkjGhL3aZQ,Bloomington Parks,,,,
Lexington,KY,University of Kentucky – Main Quad,https://www.youtube.com/watch?v=Af9fDtfEUX8,UK Live,,,,
Lexington,KY,Downtown Triangle Park,https://www.youtube.com/watch?v=kYu3SgI5Azg,Lexington Downtown,,,,
Lexington,KY,Kroger Field – Exterior,https://www.youtube.com/watch?v=ZHz8p7W1ZQo,UK Stadium Cam,,,,
Lexington,KY,Ashland Estate – Henry Clay’s Home,https://www.youtube.com/watch?v=Ry-RjT6kIdg,Ashland Cam,,,,
Providence,RI,Brown University – Main Green,https://www.youtube.com/watch?v=Z_7wlrFvEfs,Brown Live,,,,
Providence,RI,Downtown Kennedy Plaza,https://www.youtube.com/watch?v=kj6jF3F4FgQ,Providence Downtown,,,,
Providence,RI,Waterplace Park – Riverwalk,https://www.youtube.com/watch?v=wciyOwF1Y8M,Providence Parks,,,,
Providence,RI,Amica Mutual Pavilion – Exterior,https://www.youtube.com/watch?v=F3nXfdlYSw0,Providence Stadium,,,,
Spokane,WA,Riverfront Park Pavilion,https://www.youtube.com/watch?v=hvFj12y8MZk,Spokane Parks,,,,
Spokane,WA,Downtown Spokane Riverwalk,https://www.youtube.com/watch?v=MSx5XU61hUY,Spokane Downtown,,,,
Spokane,WA,Gonzaga University – Campus Quad,https://www.youtube.com/watch?v=2Z0p2oRmLu4,Gonzaga Live,,,,
Spokane,WA,Spokane Arena – Exterior,https://www.youtube.com/watch?v=dgfUPr6qHnM,Spokane Arena Cam,,,,
Des Moines,IA,Iowa State Capitol Grounds,https://www.youtube.com/watch?v=R9CUXV0Y2yA,Des Moines Capitol,,,,
Des Moines,IA,Downtown Court Avenue District,https://www.youtube.com/watch?v=0Lg3b7WzM3c,Des Moines Downtown,,,,
Des Moines,IA,Principal Park – Exterior,https://www.youtube.com/watch?v=yf9RoE_J_wU,Principal Park Cam,,,,
Des Moines,IA,Gray’s Lake Park,https://www.youtube.com/watch?v=3ZB6Smk8U8s,Des Moines Parks,,,,
Charleston,SC,College of Charleston – Cistern Yard,https://www.youtube.com/watch?v=3KuNf8Sc2zY,CofC Live,,,,
Charleston,SC,Downtown Market Street,https://www.youtube.com/watch?v=8L02xR6QyBo,Charleston Downtown,,,,
Charleston,SC,Waterfront Park – Pineapple Fountain,https://www.youtube.com/watch?v=pWNo3vZ8VxY,Charleston Parks,,,,
Charleston,SC,Joseph P. Riley Stadium – Exterior,https://www.youtube.com/watch?v=c7SlEmHT6cs,Charleston Stadium Cam,,,,
Reno,NV,Downtown Reno Arch – Virginia Street,https://www.youtube.com/watch?v=zHTEdKm4y8o,Reno Downtown,,,,
Reno,NV,University of Nevada – Quad,https://www.youtube.com/watch?v=tTbda1oRjHo,UNR Live,,,,
Reno,NV,Greater Nevada Field – Exterior,https://www.youtube.com/watch?v=5thjNR4DrBY,Reno Stadium Cam,,,,
Reno,NV,Truckee Riverwalk Park,https://www.youtube.com/watch?v=ZgyH6U_bXrU,Reno Parks,,,,
Anchorage,AK,Downtown 4th Avenue,https://www.youtube.com/watch?v=dFvuhz-Jn04,Anchorage Downtown,,,,
Anchorage,AK,University of Alaska Anchorage – Campus,https://www.youtube.com/watch?v=FwrvlQb_MO0,UAA Live,,,,
Anchorage,AK,Anchorage Football Stadium – Exterior,https://www.youtube.com/watch?v=3xtwULJ4n1I,Anchorage Stadium,,,,
Anchorage,AK,Tony Knowles Coastal Trail,https://www.youtube.com/watch?v=5zUPF5lW2Fw,Anchorage Parks,,,,
Flagstaff,AZ,Northern Arizona University – Central Quad,https://www.youtube.com/watch?v=owSNYT4LQyY,NAU Live,,,,
Flagstaff,AZ,Downtown Historic Route 66,https://www.youtube.com/watch?v=rn8u6gkZZzQ,Flagstaff Downtown,,,,
Flagstaff,AZ,Lowell Observatory – Exterior Grounds,https://www.youtube.com/watch?v=_y9m5Q0qJdA,Lowell Cam,,,,
Flagstaff,AZ,Thorpe Park – Recreation Area,https://www.youtube.com/watch?v=JK0xuxk6r1I,Flagstaff Parks,,,,
Santa Cruz,CA,Santa Cruz Beach Boardwalk,https://www.youtube.com/watch?v=JXuw8dXrKfs,Boardwalk Live,,,,
Santa Cruz,CA,Downtown Pacific Avenue,https://www.youtube.com/watch?v=5rjV3d9vut0,Santa Cruz Downtown,,,,
Santa Cruz,CA,UCSC Campus – Quarry Plaza,https://www.youtube.com/watch?v=6b0pr2s0rEo,UCSC Live,,,,
Santa Cruz,CA,Natural Bridges State Beach,https://www.youtube.com/watch?v=kh0q5Jq6HL4,Santa Cruz Parks,,,,
Burlington,NC,Downtown Burlington Depot,https://www.youtube.com/watch?v=Y9g3i1CgJ4Y,Burlington Downtown,,,,
Burlington,NC,Elon University – Campus Commons,https://www.youtube.com/watch?v=8hldWQy5Suk,Elon Live,,,,
Burlington,NC,City Park Carousel – Recreation Area,https://www.youtube.com/watch?v=6QkVru3t54E,Burlington Parks,,,,
Burlington,NC,Burlington Athletic Stadium – Exterior,https://www.youtube.com/watch?v=zcGfQnTyRUo,Burlington Stadium,,,,
Fort Collins,CO,Colorado State University – Oval,https://www.youtube.com/watch?v=5lrmP2r0BfM,CSU Live,,,,
Fort Collins,CO,Old Town Square – Downtown,https://www.youtube.com/watch?v=5JmIBH4mwbA,Fort Collins Downtown,,,,
Fort Collins,CO,Canvas Stadium – Exterior,https://www.youtube.com/watch?v=sdL5oMZycoQ,CSU Stadium,,,,
Fort Collins,CO,City Park – Sheldon Lake,https://www.youtube.com/watch?v=l-74COesXvE,Fort Collins Parks,,,,
Huntsville,AL,University of Alabama Huntsville – Campus Greenway,https://www.youtube.com/watch?v=je2KcUkEzB0,UAH Live,,,,
Huntsville,AL,Downtown Huntsville Courthouse Square,https://www.youtube.com/watch?v=4ZliAjA83aA,Huntsville Downtown,,,,
Huntsville,AL,Toyota Field – Exterior,https://www.youtube.com/watch?v=1J7yHAsU-G0,Huntsville Stadium,,,,
Huntsville,AL,Big Spring International Park,https://www.youtube.com/watch?v=H7yoUleKfl4,Huntsville Parks,,,,
Lubbock,TX,Texas Tech University – Memorial Circle,https://www.youtube.com/watch?v=DN5SWFeNPt8,TTU Live,,,,
Lubbock,TX,Downtown Depot District,https://www.youtube.com/watch?v=0D3O5w9hF8g,Lubbock Downtown,,,,
Lubbock,TX,Jones AT&T Stadium – Exterior,https://www.youtube.com/watch?v=4pyw6YV9zAc,TTU Stadium,,,,
Lubbock,TX,Mackenzie Park,https://www.youtube.com/watch?v=79dfTbZHoEo,Lubbock Parks,,,,